chr	start	chr_2	end	SVLEN	SVTYPE	STRANDS	ALT	AF	supp_reads	read_names	coverage	category	sample
chr1	50888952	chr1	50888952	34	INS	+-	cTATAACTTCGTATAATGTACATTATACGAAGTTA	1	29			Insertion	parental
chr1	52173590	chr1	52173590	34	INS	+-	cTATAACTTCGTATAATGTACATTATACGAAGTTA	1	29			Insertion	parental
chr1	58375770	chr1	58375770	34	INS	+-	cTATAACTTCGTATAATGTACATTATACGAAGTTA	1	28			Insertion	parental
chr1	66783734	chr1	66783734	34	INS	+-	aATAACTTCGTATAATGTACATTATACGAAGTTAT	0.962	25			Insertion	parental
chr1	68998005	chr1	68998005	34	INS	+-	aATAACTTCGTATAATGTACATTATACGAAGTTAT	1	38			Insertion	parental
chr1	71122427	chr1	71122427	34	INS	+-	aATAACTTCGTATAATGTACATTATACGAAGTTAT	1	34			Insertion	parental
chr1	80396936	chr1	80396936	34	INS	+-	cTATAACTTCGTATAATGTACATTATACGAAGTTA	1	21			Insertion	parental
chr1	83341596	chr1	83341596	34	INS	+-	aATAACTTCGTATAATGTACATTATACGAAGTTAT	1	32			Insertion	parental
chr1	85827514	chr1	85827514	34	INS	+-	cTATAACTTCGTATAATGTACATTATACGAAGTTA	1	31			Insertion	parental
chr1	100634827	chr1	100634827	34	INS	+-	cTATAACTTCGTATAATGTACATTATACGAAGTTA	1	42			Insertion	parental
chr1	104937733	chr1	104937733	34	INS	+-	cTATAACTTCGTATAATGTACATTATACGAAGTTA	1	37			Insertion	parental
chr1	125018614	chr1	125018614	34	INS	+-	aATAACTTCGTATAATGTACATTATACGAAGTTAT	1	31			Insertion	parental
chr1	152550380	chr1	152550380	34	INS	+-	cTATAACTTCGTATAATGTACATTATACGAAGTTA	0.964	27			Insertion	parental
chr1	166313471	chr1	166313471	34	INS	+-	cTATAACTTCGTATAATGTACATTATACGAAGTTA	0.943	33			Insertion	parental
chr1	171376991	chr1	171376991	34	INS	+-	aATAACTTCGTATAATGTACATTATACGAAGTTAT	1	36			Insertion	parental
chr1	172233463	chr1	172233463	34	INS	+-	aATAACTTCGTATAATGTACATTATACGAAGTTAT	0.974	37			Insertion	parental
chr1	187601106	chr1	187601106	34	INS	+-	aATAACTTCGTATAATGTACATTATACGAAGTTAT	1	19			Insertion	parental
chr1	205403289	chr1	205403289	34	INS	+-	cTATAACTTCGTATAATGTACATTATACGAAGTTA	1	33			Insertion	parental
chr1	212661602	chr1	212661602	34	INS	+-	aATAACTTCGTATAATGTACATTATACGAAGTTAT	1	33			Insertion	parental
chr1	238039701	chr1	238039701	34	INS	+-	cTATAACTTCGTATAATGTACATTATACGAAGTTA	1	33			Insertion	parental
chr1	242148259	chr1	242148259	6080	INS	+-	tGAAAATTAATCGGCTTGGGGAGGAGCCAAGATGGCCGAATAGGAACAGCTCCGGTCCTACAGCTCCCAGCGTGAGCGACGCAGAAGACGGGTGATTTCTGCATTTCCATCTGAGGTACCGGGTTCATCTCACTAGGGAGTGCCAGACAGTGGGCGCAGGCCAGTGTGTGTGCACACTGTGCGCGAGCCGAAGCAGGGCGAGGCATTGCCTCACCTGGGAAGCGCAAGGGGTCAGGGAGTTCCCTTTCCGAGTCAAAGAAAGGGTTGACGGACGCACCTGGAAAATCGGGTCACTCCCACCCGAATATTGCGCTTTTCAGACCGGCTTAAAAAACGGCGCACCACGAGACTATATCCCACACCTGGCTCAGAGGGTCCTACGCCCACGGAATCTCGCTGATTGCTAGCACAGCAGTCTGAGATCAAACTGCAAGGCGGCAACGAGGCTGGGGGAGGGGCGCCCGCCATTGCCCAGGCTTGCTTAGGTAAACAAAGCAGCCGGGAAGCTCGAACTGGGTGGAGCCCACCACAGCTCAAGGAGGCCTGCCTCTGTAGGCTCCACCTCTGGGGGCAGGGCACAGACAAACAAAAGGCAGCAGTAACCTCTGCAGACTTAAGTGTCCCTGTCAGACAGCTTTGAAGAGAGCAGTGGTTCTCCCAGCACGCAGCTGGAGATCTGAGAACGGGCAGACTGCCTCCTCAAGTGGGTCCCTGACCCCTGACCCCCGAGCAGCCTAACTGGGAGGCACCCCCCAGCAGGGTCACACGGCAGGGTATTCCAACAGACCTGCAGCTGAGGGTCCTGTCTGTTAGAAGGAAAACTAACAACCAGAAAGGACATCTACACCTAAAACCCATCTGTACATCACCATCATCAAAGACCAAAAGTAGATAAAACCACAAAGATGGGGAAAAAACAGAACAGAAAAACTGGAAACTCTAAAACGCAGAGCACCTCTCCTCCTCCAAAGGAACGCAGTTCCTCACCAGCAACAGAACAAAGCTGGATGGAGAATGATTTTGACGAGCTGAGAGAAGAAGGCTTCAGACGATCAAATTACTCTGAGCTACGGGAGGACATTCAAACCAAAGGCAAAGAAGTTGAAAACTTTGAAAAAAATTTAGAAGAATGTATAACTAGAATAACCAATACAGAGAAGTGCTTAAAGGAGCTGATGGAGCTGAAAACCAAGGCTCGAGAACTACGTGAAGAATGCAGAAGCCTCAGGAGCCGATGCGATCAACTGGAAGAAAGGGTATCAGCAATGGAAGATGAAATGAATGAAATGAAGCGAGAAGGGAAGTTTAGAGAAAAAAGAATAAAAAGAAATGAGCAAAGCCTCCAAGAACATGGGACTATGTGAAAAGGCCAAATCTACGTCTGATTGGTGTACCTGAAAGTGATGTGGAGAATGGAACCAAGTTGGAAAACACTCTGCAGGATATTATCCAGGAGAACTTCCCCAATCTAGCAAGGCAGGCCAACGTTCAGATTCAGGAAATACAGAGAACGCCACAAAGATACTCCTCGAGAAGAGCAACTCCAAGACACATAATTGTCAGATTCACCAAAGTTGAAATGAAGGAAAAAATGTTAAGGGCAGCCAGAGAGAAAGGTCGGGTTACCCTCAAAGGGAAGCCCATCAGACTAACAGCAGATCTCTCGGCAGAAACCCTACAAGCCAGAAGAGAGTGGGGGCCAATATTCAACATTCTTAAAGAAAAGAATTTTCAACCCAGAATTTCATTTCCAGCCAAACTAAGCTTCATAAGTGAAGGAGAAAGAAAATACTTTACAGACAAGCAAATGCTGAGAGATTTTGTCACCACCAGGCCTACCCTAAAAGAGCTCCTGAAGGAAGCACTAAACATGGAAAGGAACAACCGGTACCAGCCGCTGCAAAATCATGCCAAAATGTAAAGACCATCGAGACTAGGAAGAAACTGCATCAACTAATGAGCAAAATCACCAGCTAACATCATAATGACAGGATCAAATTCACACATAACAATATTAACTTTAAATATAAATGGACTAAATTCTGCAATTAAAAGACACAGACTGGCAAGTTGGATAAAGAGTCAAGACCCATCAGTGTGCTGTATTCAGGAAACCCATCTCACGTGCAGAGACACACATAGGCTCAAAATAAAAGGATGGAGGAAGATCTACCAAGCAGAGGAAAGCTGCAAACAAAAAAAGGCAGGGGTTGCAATCCTAGTCTCTGATAAAACAGACTTTAAACCAACAAAGATCAAAAGAGACAAAGAAGGCCATTACATAATGGTAAAGGGATCAATTCAACAAGAGGAGCTAACTATCCTAAATATTTATGCACCCAATACAGGAGCACCCAGATTCATAAAGCAAGTCCTGAGTGACCTACAAAGAGACTTAGACTCCCACACATTAATAATGGGAGACTTTAACACCCCACTGTCAATATTAGACAGATCAACGAGACAGAAAGTCAACAAGGATACCCAGGAATTGAACTCAGCTCTGCACCAAGCAGACCTAATAGACATCTACAGAACTCTCCACCCCAAATCAACAGAATATACATTTTTTTCAGCACCACACCACACCTATTCCAAAATTGACCACATAGTTGGAAGTAAAGCTCTCCTCAGCAAATGTAAAAGAACAGAAATTATAACAAACTATCTCTCAGACCACAGTGCAATCAAACTAGAACTCAGGATTAAGAATCTCACTCAAAGCCGCTCAACTACATGGAAACTGAACAACCTGCTCCTGAATGACTACTGGGTACATAACGAAATGAAGGCAGAAATAAAGATGTTCTTTGAAACCAACGAGAACAAAGACACCACATACCAGAATCTCTGGGACACATTCAAAGCAGTGTGTAGAGGGAAATTTATAGCACTAAATGCCTACAAGAGAAAGCAGGAAAGATCCAAAATCTGCCCACTAACATCACAATTAAAAGAACTAGAAAAGCAAGAGCAAACACATTCAAAAGCTAGCAGAAGGCAAGAAATAACTAAAATCAGAGCAGAACTGAAGGAAATAGAGACACAAAAAACCCTTCAAAAAATCAATGAATCCAGGAGCTGGTTTTTTGAAAGGATCAACAAAATTGATAGACCGCTAGCAAGACTAATAAAGAAAAAAAGAGAGAAGAATCAAATAGACACAATGAAAAATGATAAAGGGGATATCACCACCGATCCCACAGAAATACAAACTACCATCAGAGAATACTACAAACACCTCTACGCAAATAAACTAGAAAATCTAGAAGAAATGGATACATTCCTCGACACATACACTCTCCCAAGACTAAACCAGGAAGAAGTTGAATCTCTGAATAGACCAATAACAGGCTCTGAAATTGTGGCAATAATCAATAGTTTACCAACCAAAAAGAGTCCAGGACCAGATGGATTCACAGCCGAATTCTACCAGAGGTACAATAACTTCGTATAATGTACATTATACCAAGTTATAGGAGGAACTGGTACCATTCCTTCTGAAACTATTCCAATCAATAGAAAAAGAGGGAATCCTCCCTAACTCATTTTATGAGGCCAGCATCATTCTGATACCAAAGCCGGGCAGAGACACAGCCAAAAAAGAGAATTTTAGACCAATATCCTTGATGAACATTGATGCAAAAATCCTCAATAAAATACTGGCAAACCGAATCCAGCAGCACATCAAAAAGCTTATCCACCATGATCAAGTGGGCTTCATCCCTGGGATGCAAGGCTGGTTCAATATACGCAAATCAATAAATGTAATCCAGCATATAAACAGAGCCAAAGACAAAAACCACATGATTATCTCAATAGATGCAGAAAAAGCCTTTGACAAAATTCAAAAACCCTTCATGCTAAAAACTCTCAATAAATTAGGTATTGATGGGACGTATTTCAAAATAATAAGAGCTATCTATGACAAACCCACAGCCAATATCATACTGAATGGGCAAAAACTGGAAGCATTCCCTTTGAAAACTGGCACAAGACAGGGATGCCCTCTCTCACCGCTCCTATTCAACATAGTGTTGGAAGTTCTGGCCAGGGCAATCAGGCAGGAGAAGGAAATAAAGGGTATTCAATTAGGAAAAGAGGAAGTCAAATTATCCCTGTTTGCAGACGACATGATTGTTTATCTAGAAAACCCCATCGTCTCAGCCCAAAATCTCCTTAAGCTGATAAGCAACTTCAGCAAAGTCTCAGGATACAAAATCAATGTACAAAAATCACAAGCATTCCTATACAACAACAGACAAACAGAGAGCCAAATCATGGGTGAACTCCCATTCACAATTGCTTCAAAGAGAATAAAATACCTAGGAATCCAACTTACAAGGGATGTGAAGGACCTCTTCAAGGAGAACTACAAACCACTGCTCAAGGAAATAAAAGAGGACACAAACAAATGGAAGAACATTCCATGCTCATAGGTAGGAAGAATCAATATCGTGAAAATGGCCATACTGCCCAAGGTAATTTACAGATTCAATGCCATCCCCATCAAGCTACCAATGACTTTCTTCACAGAATTGGAAAAAACTACTTTAAAGTTCATATGGAACCAAAAAAGAGCCCGCATTGCCAAGTCAATCCTAAGCCAAAAGAACAAAGCTGGAGGCATCACACTACCTGACTTCAAACTATACTACAAGGCTACAGTAACCAAAACAGCATGGTACTGGTACCAAAACAGAGATATAGATCAATGGAACAGAACAGAGCCCTCAGAAATAATGCCACATATCTACAACTATCTGATCTTTGACAAACCTGAGAAAAACAAGCAATGGGGAAAGGATTCCCTATTTAATAAATGGTGCTGGGAAAACTGGCTAGCCATATGTAGAAAGCTGAAACTCGATCCCTTCCTTACACCTTATACAAAAATCAATTCAAGATGGATTAAAGATTTAAACGTTAAACCTAAAACCATAAAAACCCTAGAAGAAAACCTAGGCATTACCATTCAGGACATAGGCGTGGGCAAGGACTTCATGTCCAAAACACCAAAAGCAATGGCAACAAAAGACAAAATTGACAAATGGGATCTAATTAAACTAAAGAGCTTCTGCACAGCAAAAGAAACTACCATCAGAGTGAACAGGCAACCTACAACATGGGAGAAAATTTTCGCAACCTACTCATCTGACAAAGGGCTAATATCCAGAATCTACAATGAACTCAAACAAATTTACAAGAAAAAAACAAACAACCCCATCAAAAAGTGGGCGAAGGACATGAACAGACACTTCTCAAAAGAAGACATTTATGCAGCCAAAAAACACATGAAGAAATGCTCATCATCACTGGCCATCAGAGAAATGCAAATCAAAACCACTATGAGATATCATCTCACACCAGTTAGAATGGCAATCATTAAAAAGTCAGGAAACAACAGGTGCTGGAGAGGATGCGGAGAAATAGGAACACTTTTACACTGTTGGTGGGACTGTAAACTAGTTCAACCATTGTGGAAGTCAGTGTGGCGATTCCTCAGGGATCTAGAACTAGAAATACCATTTGACCCAGCCATCCCATTACTGGGTATATACCCAAAGGACTATAAATCATGCTGCTATAAAGACACATGCACACGTATGTTTATTGCGGCACTATTCACAATAGCAAAGACTTGGAACCAACCCAAATGTCCAACAATGATAGACTGGATTAAGAAAATGTGGCACATATACACCATGGAATACTATGCAGCCATAAAAAATGATGAGTTCATATCCTTTGTAGGGACATGGATGAAATTGGAAACCATCATTCTCAGTAAACTATCGCAAGAACAAAAAACCAAACACCGCATATTCTCACTCATAGGTGGGAATTGAACAATGAGATCACATGGACACAGGAAGGGGAATATCACACTCTGGGGACTGTGGTGGGGTCGGGGGAGGGGGGAGGGATAGCATTGGGAGATATACCTAATGCTAGATGACACATTAGTGGGTGCAGCGCACCAGCATGGCACATGTATACATATGTAACTAACCTGCACAATGTGCACATGTACCCTAAAACTTAAAGTATAATAAAAAAAAAAAAAAAAAAAAAAAAAAA	1	13			Insertion	parental
chr1	246717759	chr1	246717759	34	INS	+-	aATAACTTCGTATAATGTACATTATACGAAGTTAT	1	38			Insertion	parental
chr10	11734027	chr10	11734027	34	INS	+-	cTATAACTTCGTATAATGTACATTATACGAAGTTA	1	28			Insertion	parental
chr10	22126499	chr10	22126499	34	INS	+-	cTATAACTTCGTATAATGTACATTATACGAAGTTA	1	31			Insertion	parental
chr10	59424609	chr10	59424609	34	INS	+-	cTATAACTTCGTATAATGTACATTATACGAAGTTA	1	32			Insertion	parental
chr10	82346653	chr10	82346653	34	INS	+-	cTATAACTTCGTATAATGTACATTATACGAAGTTA	1	35			Insertion	parental
chr10	95150938	chr10	95150938	34	INS	+-	aATAACTTCGTATAATGTACATTATACGAAGTTAT	0.895	17			Insertion	parental
chr10	98545227	chr10	98545227	35	INS	+-	aATAACTTCGTATAATGTACATTATACGAAGTTATC	1	38			Insertion	parental
chr10	109798117	chr10	109798117	34	INS	+-	cTATAACTTCGTATAATGTACATTATACGAAGTTA	0.968	30			Insertion	parental
chr11	6119991	chr11	6119991	34	INS	+-	aATAACTTCGTATAATGTACATTATACGAAGTTAT	1	30			Insertion	parental
chr11	17341904	chr11	17341904	34	INS	+-	cTATAACTTCGTATAATGTACATTATACGAAGTTA	0.98	48			Insertion	parental
chr11	18899724	chr11	18899724	34	INS	+-	aTAACTTCGGTATAATGTACATTATACGAAGTTAT	1	22			Insertion	parental
chr11	26968553	chr11	26968553	34	INS	+-	aATAACTTCGTATAATGTACATTATACGAAGTTAT	1	30			Insertion	parental
chr11	60154651	chr11	60154651	34	INS	+-	aATAACTTCGTATAATGTACATTATACGAAGTTAT	1	29			Insertion	parental
chr11	63340738	chr11	63340738	35	INS	+-	cTTATAACTTCGTATAATGTACATTATACGAAGTTA	1	31			Insertion	parental
chr11	63346997	chr11	63346997	34	INS	+-	cTATAACTTCGTATAATGTACATTATACGAAGTTA	1	35			Insertion	parental
chr11	67867290	chr11	67867290	34	INS	+-	cTATAACTTCGTATAATGTACATTATACGAAGTTA	1	34			Insertion	parental
chr11	85429201	chr11	85429201	34	INS	+-	aATAACTTCGTATAATGTACATTATACGAAGTTAT	1	29			Insertion	parental
chr11	86827081	chr11	86827081	34	INS	+-	cTATAACTTCGTATAATGTACATTATACGAAGTTA	1	23			Insertion	parental
chr11	87620738	chr11	87620738	35	INS	+-	cTTATAACTTCGTATAATGTACATTATACGAAGTTA	1	22			Insertion	parental
chr11	132323599	chr11	132323599	35	INS	+-	aAGGAACTTCGTATAATGTACATTATACGAAGTTAT	1	33			Insertion	parental
chr12	1943361	chr12	1943361	33	INS	+-	aTAACTTCGTATAATGTACATTATACCAAGTTAT	1	37			Insertion	parental
chr12	21085045	chr12	21085045	34	INS	+-	cTATAACTTCGTATAATGTACATTATACGAAGTTA	1	28			Insertion	parental
chr12	30435092	chr12	30435092	34	INS	+-	cTATAACTTCGTATAATGTACATTATACAAAGTTA	1	29			Insertion	parental
chr12	34074577	chr12	34074577	34	INS	+-	aATAACTTCGTATAATGTACATTATACGAAGTTAT	1	20			Insertion	parental
chr12	48575890	chr12	48575890	34	INS	+-	aATAACTTCGTATAATGTACATTATACGAAGTTAT	1	23			Insertion	parental
chr12	59466815	chr12	59466815	34	INS	+-	cTATAACTTCGTATAATGTACATTATACGAAGTTA	1	29			Insertion	parental
chr12	64199025	chr12	64199025	34	INS	+-	aATAACTTCGTATAATGTACATTATACGAAGTTAT	1	38			Insertion	parental
chr12	80125626	chr12	80125626	34	INS	+-	cTATAACTTCGTATAATGTACATTATACGAAGTTA	1	30			Insertion	parental
chr12	80246751	chr12	80246751	34	INS	+-	cTATAACTTCGTATAATGTACATTATACGAAGTTA	1	30			Insertion	parental
chr12	83789926	chr12	83789926	34	INS	+-	cTATAACTTCGTATAATGTACATTATACGAAGTTA	1	30			Insertion	parental
chr12	88404142	chr12	88404142	34	INS	+-	aATAACTTCGTATAATGTACATTATACGAAGTTAT	1	31			Insertion	parental
chr12	106474453	chr12	106474453	34	INS	+-	cTATAACTTCGTATAATGTACATTATACGAAGTTA	1	43			Insertion	parental
chr13	33988104	chr13	33988104	34	INS	+-	aAGAACTTCGTATAATGTACATTATACGAAGTTAT	1	35			Insertion	parental
chr13	40738361	chr13	40738361	34	INS	+-	aATAACTTCGTATAATGTACATTATACGAAGTTAT	1	35			Insertion	parental
chr13	41748186	chr13	41748186	34	INS	+-	cTATAACTTCGTATAATGTACATTATACGAAGTTA	1	27			Insertion	parental
chr13	50472232	chr13	50472232	34	INS	+-	cTATAACTTCGTATAATGTACATTATACGAAGTTA	1	23			Insertion	parental
chr13	50554615	chr13	50554615	34	INS	+-	cTATAACTTCGTATAATGTACATTATACGAAGTTA	1	34			Insertion	parental
chr13	58184729	chr13	58184729	34	INS	+-	cTATAACTTCGTATAATGTACATTATACGAAGTTA	0.875	14			Insertion	parental
chr13	88200607	chr13	88200607	34	INS	+-	aATAACCTCGTATAATGTACATTATACGAAGTTAT	0.9	18			Insertion	parental
chr13	110673139	chr13	110673139	34	INS	+-	aATAACTTCGTATAATGTACATTATACGAAGTTAT	1	34			Insertion	parental
chr14	27820216	chr14	27820216	33	INS	+-	cCTATAACTTCGTATAATGTACATTATACGAAGT	1	24			Insertion	parental
chr14	44554139	chr14	44554139	34	INS	+-	cTATAACTTCGTATAATGTACATTATACGAAGTTA	0.957	22			Insertion	parental
chr14	46512146	chr14	46512146	34	INS	+-	aATAACTTCGTATAATGTACATTATACGAAGTTAT	1	30			Insertion	parental
chr14	66584976	chr14	66584976	34	INS	+-	cTATAACTTCGTATAATGTACATTATACGAAGTTA	1	28			Insertion	parental
chr14	66834843	chr14	66834843	34	INS	+-	cTATAACTTCGTATAATGTACATTATACGAAGTTA	1	37			Insertion	parental
chr14	87778046	chr14	87778046	34	INS	+-	cTATAACTTCGTATAATGTACATTATACGAAGTTA	1	24			Insertion	parental
chr15	27190314	chr15	27190314	34	INS	+-	cTATAACTTCGTATAATGTACATTATACGAAGTTA	0.971	34			Insertion	parental
chr15	35337034	chr15	35337034	34	INS	+-	cTATAACTTCGTATAATGTACATTATACGAAGTTA	1	28			Insertion	parental
chr15	36684667	chr15	36684667	34	INS	+-	cTATAACTTCGTATAATGTACATTATACGAAGTTA	1	44			Insertion	parental
chr15	47168971	chr15	47168971	34	INS	+-	aATAACTTCGTATAATGTACATTATACGAAGTTAT	0.808	21			Insertion	parental
chr16	9587082	chr16	9587082	34	INS	+-	cTATAACTTCGTATAATGTACATTATACGAAGTTA	1	26			Insertion	parental
chr16	47441252	chr16	47441252	34	INS	+-	aATAACTTCGTATAATGTACATTATACGAAGTTAT	1	27			Insertion	parental
chr16	47680357	chr16	47680357	34	INS	+-	cTATAACTTCGTATAATGTACATTATACGAAGTTA	0.951	39			Insertion	parental
chr16	47913421	chr16	47913421	34	INS	+-	aATAACTTCGTATAATGTACATTATACGAAGTTAT	0.963	26			Insertion	parental
chr16	51333364	chr16	51333364	34	INS	+-	aATAACTTCGTATAATGTACATTATACGAAGTTAT	1	22			Insertion	parental
chr17	20600558	chr17	20600558	34	INS	+-	cTATAACTTCGTATAATGTACATTATACGAAGTTA	0.947	36			Insertion	parental
chr17	27101744	chr17	27101744	34	INS	+-	cTATAACTTCGTATAATGTACATTATACGAAGTTA	1	12			Insertion	parental
chr17	29898703	chr17	29898703	35	INS	+-	aTGACTTCGTATAATGTACATTATACGAAGTTATGT	1	23			Insertion	parental
chr17	64364397	chr17	64364397	34	INS	+-	aATAACTTCGTATAATGTACATTATACGAAGTTAT	1	33			Insertion	parental
chr17	75400205	chr17	75400205	5116	INS	+-	gCTCTGTGCTAGAGATTTTCCACACTGACTAAAAGGGTCTGAGGGATCTCTAGTTACCAGAGTCACACAACAGACGGGCACACACTACTTGAAGCACTCAAGGCAAGCTTTATTGAGGCTTAAGCAGTGGGTTCCCTAGTTAGCCAGAGAGCTCCCAGGCTCAGATCTGGTCTAACCAGAGAGACCCAGTACAAGCAAAAAGCAGATTCTGTCTTTGTTGGGAGTGAATTAGCCCTTCCAGTCCCCCCTTTTCTTTTAAAAAGTGGCTAAGATCTACAGCTGCCTTGTAAGTCATTGGTCTTAAAGTCGACGCGGGGAGGCGGCCCAAAGGGAGATCCGACTCGTCTGAGGGCGAAGGCGAAGACGCGGAAGAGGCCGCAGAGCCGGCAGCAGGCCGCGGGAAGGAAGGTCCGCTGGATTGAGGGCCGAGGACGTAGCAGAAGGACGTCCCGCGCAGAATCCAGGTGGCAACACAGGCGAGCAGCCAAGGAAAGGACGATGATTTCCCCGACAACACCACGGAATTGTCAGTGCCCAACAGCCGAGCCCCTGTCCAGCAGCGGGCAAGGCAGGCGGCGATGAGTTCCGCCGTGGCAATAGGGGAGGGGGAAAGCGAAAGTCCCGGAAAGGAGCTGACAGGTGGTGGCAATGCCCAGTGGGGGTTGCGTCAGCAAACACAGTGCACACCACGCCACGTTGCCTGACAACGGGCCACAACTCCTCATAAAGAGACAGCAACCAGGATTTATACAAGGAGGAGAAAATGAAAGCCATACGGGAAGCAATAGCATGATACAAAGGCATTAAAGCAGCGTATCCACATAGCGTAAAAGGAGCAACATAGTTAAGAATACCAGTCAATCTTTCACAAATTTTGTAATCCAGAGGTTGATTGTCGACTTAACGCGTTCAGGCACCGGGCTTGCGGGTCATGCACCAGGTGCGCGGTCCTTCGGGCACCTCGACGTCGGCGGTGACGGTGAAGCCGAGCCGCTCGTAGAAGGGGAGGTTGCGGGGCGCGGAGGTCTCGAGGAAGGGGGCACCCCGGCGCGCTTGGCCGCCTCCACTCCGGGGAGCACGACGGCGCTGCCCAGACCCTTGCCCTGGTGGTCGGGCGAGACTCCGACGGTGGCCAGGAACCACGCGGGCTCCTTGGGCCGGTGCGGCGCCAGGAGGCCTTCCATCTGTTGCTGCGCGGCCAGCCGGGAACCGCTCAACTCGGCCATGCGCGGGCCGATCTCGGCGAACACCGCCCCCGCTTCGACGCTCTCCGGCGTGGTCCAGACCGCCACGGCGGCGCCGTCGTCCGCGACCCACACCTTGCCGATGTCGAGCCCGACGCGCGTGAGGAAGAGTTCTTGCAGCTCGGTGACCCGCTCGATGTGGCGGTCCGGATCGACGGTGTGGCGCGTGGCGGGGTAGTCGGCGAACGCGGCGGCGAGGGTGCGTACGGCCCTGGGGACGTCGTCGCGGGTGGCGAGGCGCACCGTGGGCTTGTACTCGGTCATGGTGGCCGTACGTCACGACACCTGAAATGGAAGAAAAAAACTTTGAACCACTGTCTGAGGCTTGAGAATGAACCAAGATCCAAACTCAAAAAGGGCAAATTCCAAGGAGAATTACATCAAGTGCCAAGCTGGCCTAACTTCAGTCTCCACCCACTCAGTGTGGGGAAACTCCATCGCATAAAACCCCTCCCCCCAACCTAAAGACGACGTACTCCAAAAGCTCGAGAACTAATCGAGGTGCCTGGACGGCGCCCGGTACTCCGTGGAGTCACATGAAGCGACGGCTGAGGACGGAAAGGCCCTTTTCCTTTGTGTGGGTGACTCACCCGCCCGCTCTCCCGAGCGCCGCGTCCTCCATTTTGAGCTCCCTGCAGCAGGGCCGGGAAAGTGGCCATCTTTCCGCTCACGCAACTCGTGCCGTGACCGGGCCAGCCTTGCCGCCCAGGGCGGGGCGATACACGGCGGCGCGAGGCCAGGCACCAGAGCAGGCCGGCCAGCTTGAGACTACCCCCGTCCGATTCTCGGTGGCCGCGCTCGCAGGCCCCGCCTCGCCGAACATGTGCGCTGGGACGCACGGGCCCCGTCGCCGCCCGCGGCCCCAAAAACCGAAATACCAGTGTGCAGATCTTGGCCCGCATTTACAAGACTATCTTGCCAGAAAAAAAGCGTCGCAGCAGGTCATCAAAAATTTTAAATGGCTAGAGACTCATCCAAAGCAGCGAGACAGGCGCGAAGGTGCCACCAGATTCGCACGCGGCGGCCCCAGCGCCCAGGCCAGGCCTCAAAACTAAGCACGAGGCGAAGGGGCTCCTTAAGCGCAAGGCCTCGAACTCTCCCACCCACTTCCAACCCGAAGCTCGGGATCAAGAATCACGTACTGCAGCCAGGTGGAAGTAATTCAAGGCACGCAAGCGCCATAACCCGTAAAGAGGCCAGGCCCGCGGGAACCACACACGGCACTTACCTGTGTTCTGGCGGCAAACCCGTTGCGAAAAAGAACGTTCACGGCGACTACTGCACTTATATACGGTTCTCCCCCACCCTCGGGAAAAAGGCGGAGCCAGTACACGACATCACTTTCCCAGTTTACCCCGCGCCACCTTCTCTAGGATCCTTAATCAATTGCCGACCCCTCCCCCCAACTTCTCGGACTGTGGGCGATGTGCGCTCTGCCCACTGACGGGCACCGGAGCCAATTCCCACCTTTTTCCAAAAGACCTAGAAGGTCCATTAGCTGCAAAGATTCCTCTCTGTTTAAAACTTTATCCATCTTTGCACCCGGGCCCCCTCGAGCCGGCGCCAAAGTGGATCTCTCGTGCTGTCCCCTGTAATAAACCCGAAAATTTTGAATTTTTGTAATTTGTTTTTGTAATTCTTTAGTTTGTATGTCTGTTGCTATTATGTCTACTATTCTTTCCCCTGCACTGTACCCCCCAATCCCCCCTTTTCTTTTAAAATTGTGGATGAATACTGCCATTTGTCTCAAGATCTAGTTACGCCAAGCTTCATCCCATGTAAGCATGTACGGTCTAGAACGTGTCACGTGCACGTTAAGTCGAGTAAGCTGACCGCTGAAGTACAAGTGGTAGAGTAGGCTTAAAAAAATTCTAGTTGGTTTAACGCGTAACTAGATAGAACCGCGTACCAGAGGTACAATAACTTCGTATAATGTACATTATACGAAGTTATAGGAGGAACTGGTACCATTCCTTCTGAAACTATTGCACCGACTCGGTGCCACTCTTTCGAGTTGATAACGGACTAGCCTTATTTAAACTTGCTATGCTGTTTCCAGCTTAGCTCTTAAACCCTTGTACCTCTGGTAGAACGGTGTTTCGTCCTTTCCACAAGATATATAAAGCCAAGAAATCGAAATACTTTCAAGTTACGGTAAGCATATGATAGTCCATTTTAAAACATAATTTTAAAACTGCAAACTACCCAAGAAATTATTACTTTCTACGTCACGTATTTTGTACTAATATCTTTGTGTTTACAGTCAAATTAATTCTAATTATCTCTCTAACAGCCTTGTATCGTATATGCAAATATGAAGGAATCATGGGAAATAGGCCCTCTCTGGGTCCCCTCGGGGTTGGGAGGTGGGTCTGAAACCATAATGGTGAATATCCCTGCCTAACTCTATTCACTATAGAAAGTACAGCAAAAACTATTCTTGGCAACCTACCAAGCCTCCTACTATCATTATGAATAATTTTATATACCACAGCCAATTTGTTATGTTAAACCAATTCCACAAACTTGCCCATTTATCTAATTCCAATAATTCTTGTTCATTCTTTTCTTGCTGGTTTTGCGATTCTTCAATTAAGGAGTGTATTAAGCTTGTGTAATTGTTAATTTCTCTGTCCCACTCCATCCAGGTCGTGTGATTCCAAATCTGTTCCAGAGATTTATTACTCCAACTAGCATTCCAAGGCACAGCAGTGGTGCAAATGAGTTTTCCAGAGCAACCCCAATCCCAGGAGCTGTTGATCCTTTAGGTATCTTTCCACAGCCAGGATTCTTGCCTGGAGCTGCTTGATGCCCCAGACTGTGAGTTGCAACAGATGCTGTTGCGCCTCAATAGCCCTCAGCAAATTGTTCTGCTGCTGCACTATACCAGACAATAATTGTCTGGCCTGTACCGTCAGCGTCATTGACGCTGCGCCCATAGTGCTTCCTGCTGCTCCCAAGAACCCAAGGAACAAAGCTCCTATTCCCACTGCTCTTTTTTCTCTCTGCACCACTCTTCTCTTTGCCTTGGTGGGTGCTACTCCTAATGGTTCAATTTTTACTACTTTAAGATCAGTATAATTCACTTCTCCAATTGTCCCTCATTCCTCCTCCAGGTCTGAAGATCAGCGGCCGCTTGCTGTGCGGTGGTCTTACTTTTGTTTTGCTCTTCCTCTATCTTGTCTAAAGCTTCCTTGGTGTCTTTTATCTCTATCCTTTGATGCACACAATAGAGGGTTGCTACTGTATTATATAATGATCTAAGTTCTTCTGATCCTGTCTGAAGGGATGGTTGTAGCTGTCCCAGTATTTGTCTACAGCCTTCTGATGTTTCTAACAGGCCAGGATTAACTGCGAATCGTTCTAGCTCCCTGCTTGCCCATACTATATGTTTTAATTTATATTTTTTCTTTCCCCCTGGCCTTAACCGAATTTTTTCCCATCGCTATTAAATTCTCCCCCAGACTGACGCTCTCGCACCCCATCCCTCCTCTCAGCCTCCGCTAGTCAAAATTTTTGGCGTACTCACCAGTCGCCGCCCCTCGCCTCTTGCCGTGCGCGCTTCAGCAAGCCGAGTCCTGCGTCGAGAGAGCTCCTCCGGCTTCCCCTTTCGCTTTCAAGTCCCTGTTCGGGCGCCACTGCTAGAGATTTTCCACACTGACTAAAAGGGTCTGAGGGATCTCTAGTTACCAGAGTCACACAACAGACGGGCACACACTACTTGAAGCACTCAAGGCAAGCTTTATTGAGGCTTAAGCAGTGGGTTCCCTAGTTAGCCAGAGAGCTCCCAGGCTCTAGATCTGGTCTAACCAGAGAGACCCAGTACAAGCAAAAAGCAATCTTGTCTTCGTTGGGAGTGAATTAGCCCTTCCA	1	16			Insertion	parental
chr18	3737194	chr18	3737194	34	INS	+-	aATAACTTCGTATAATGTACATTATACGAAGTTAT	1	23			Insertion	parental
chr18	4650013	chr18	4650013	34	INS	+-	cTATAACTTCGTATAATGTACATTATACGATTTTA	1	33			Insertion	parental
chr18	22888932	chr18	22888932	34	INS	+-	aATAACTTCGTATAATGTACATTATACGAAGTTAT	1	28			Insertion	parental
chr18	32230508	chr18	32230508	34	INS	+-	cTATAACTTCGTATAATGTACATTATACGAAGTTA	1	32			Insertion	parental
chr18	35763821	chr18	35763821	34	INS	+-	aATAACTTCGTATAATGTACATTATACGAAGTTAT	1	31			Insertion	parental
chr18	45811335	chr18	45811335	35	INS	+-	aATAACTTCGTATAATGTACATTATACGAAGTTATG	1	21			Insertion	parental
chr18	59406531	chr18	59406531	34	INS	+-	cTATAACTTCGTATAATGTACATTATACGAAGTTA	1	32			Insertion	parental
chr18	63691631	chr18	63691631	33	INS	+-	aTAACTTCGTATAATGTACATTATACGAAGTTAT	1	32			Insertion	parental
chr18	68787416	chr18	68787416	34	INS	+-	cTATAACTTCGTATAATGTACATTATACGAAGTTA	1	18			Insertion	parental
chr18	70717862	chr18	70717862	35	INS	+-	aATAAACTTCGTATAATGTACATTATACGAAGTTAT	1	24			Insertion	parental
chr18	77418568	chr18	77418568	34	INS	+-	cTATAACTTCGTATAATGTACATTATACGAAGTTA	1	29			Insertion	parental
chr19	42860121	chr19	42860121	34	INS	+-	cTATAACTTCGTATAATGTACATTATACGAAGTTA	1	26			Insertion	parental
chr2	18014601	chr2	18014601	34	INS	+-	cTATAACTTCGTATAATGTACATTATACAAAGTTA	1	22			Insertion	parental
chr2	21211164	chr2	21211164	34	INS	+-	cTATAACTTCGTATAATGTACATTATACGAAGTTA	1	26			Insertion	parental
chr2	49084918	chr2	49084918	34	INS	+-	aATAACTTCGTATAATGTACATTATACGAAGTTAT	1	21			Insertion	parental
chr2	62618995	chr2	62618995	34	INS	+-	cTATAACTTCGTATAATGTACATTATACGAAGTTA	1	29			Insertion	parental
chr2	65965654	chr2	65965654	34	INS	+-	cTATAACTTCGTATAATGTACATTATACGAAGTTA	0.967	29			Insertion	parental
chr2	76907916	chr2	76907916	34	INS	+-	aATAACTTCGTATAATGTACATTATACGAAGTTAT	1	20			Insertion	parental
chr2	97528977	chr2	97528977	34	INS	+-	aATAACTTCGTATAATGTACATTATACGAAGTTAT	1	32			Insertion	parental
chr2	120082693	chr2	120082693	34	INS	+-	cTATAACTTCGTATAATGTACATTATACGAAGTTA	1	29			Insertion	parental
chr2	132234759	chr2	132234759	34	INS	+-	aATAACTTCGTATAATGTACATTATACGAAGTTAT	1	21			Insertion	parental
chr2	139308639	chr2	139308639	34	INS	+-	aATAACTTCGTATAATGTACATTATACGAAGTTAT	1	18			Insertion	parental
chr2	143664990	chr2	143664990	34	INS	+-	aATAACTTCGTATAATGTACATTATACGAAATTAT	1	25			Insertion	parental
chr2	147770056	chr2	147770056	34	INS	+-	aATAACTTCGTATAATGTACATTATACTGAGTTAT	1	34			Insertion	parental
chr2	158354651	chr2	158354651	34	INS	+-	aATAACTTCGTATAATGTACATTATACGAAGTTAT	1	38			Insertion	parental
chr2	160853310	chr2	160853310	34	INS	+-	cTATAACTTCGTATAATGTACATTATACGAAGTTA	1	27			Insertion	parental
chr2	169310789	chr2	169310789	35	INS	+-	cTATAACTTCGTATAATGTACATTATAACGAAGTTA	1	26			Insertion	parental
chr2	171643864	chr2	171643864	34	INS	+-	cTATAACTTCGTATAATGTACATTATACGAAGTTA	1	25			Insertion	parental
chr2	172318705	chr2	172318705	34	INS	+-	aATAACTTCGTATAATGTACATTATACGAAGTTAT	0.968	30			Insertion	parental
chr2	173529880	chr2	173529880	34	INS	+-	cTATAACTTCGTATAATGTACATTATACGAAGTTA	0.976	40			Insertion	parental
chr2	174271871	chr2	174271871	34	INS	+-	aATAACTTCGTATAATGTACATTATACGAAGTTAT	1	24			Insertion	parental
chr2	174407047	chr2	174407047	35	INS	+-	cTTATAACTTCGTATAATGTACATTATACGAAGTTA	1	24			Insertion	parental
chr2	178969176	chr2	178969176	33	INS	+-	aTAACTTCGTATAATGTACATTATACGAACTTAT	1	34			Insertion	parental
chr2	182215839	chr2	182215839	34	INS	+-	aATAACTTCGTATAATGTACATTATACGAAGTTAT	1	25			Insertion	parental
chr2	185844320	chr2	185844320	34	INS	+-	cTATAACTTCGTATAATGTACATTATACGAAGTTA	1	40			Insertion	parental
chr2	195933007	chr2	195933007	34	INS	+-	cTATAACTTCGTATAATGTACATTATACGAAGTTA	1	32			Insertion	parental
chr2	201592569	chr2	201592569	34	INS	+-	cTATAACTTCGTATAATGTACATTATACGAAGTTA	1	28			Insertion	parental
chr2	210448928	chr2	210448928	34	INS	+-	aATAACTTCGTATAATGTACATTATACGAAGTTAT	0.926	25			Insertion	parental
chr2	228231616	chr2	228231616	34	INS	+-	cTATAACTTCGTATAATGTACATTATACGAAGTTA	1	26			Insertion	parental
chr2	240547936	chr2	240547936	34	INS	+-	aATAACTTCGTATAATGTACATTATACGAAGTTAT	1	31			Insertion	parental
chr20	1220296	chr20	1220296	33	INS	+-	aTAACTTCGTATAATGTACATTATACGAAGTTAT	1	26			Insertion	parental
chr20	24904031	chr20	24904031	35	INS	+-	aATAACTTCGTATAATGTACATTATACGAAGTTATC	1	38			Insertion	parental
chr21	17750663	chr21	17750663	34	INS	+-	cTATAACTTAGTATAATGTACATTATACGAAGTTA	1	30			Insertion	parental
chr3	4919974	chr3	4919974	34	INS	+-	aATAACTTCGTATAATGTACATTATACGAAGTTAT	1	21			Insertion	parental
chr3	6487498	chr3	6487498	34	INS	+-	cTATAACTTCGTATAATGTACATTATACGAAGTTA	1	22			Insertion	parental
chr3	8925484	chr3	8925484	34	INS	+-	aATAACTTCGTATAATGTACATTATACGAAGTTAT	0.9	27			Insertion	parental
chr3	15697818	chr3	15697818	33	INS	+-	cCTATAACTTCGTATAATGTACATTATACGAAGT	1	27			Insertion	parental
chr3	23352807	chr3	23352807	34	INS	+-	aATAACTTCGTATAATGTACATTATACGAAGTTAT	1	24			Insertion	parental
chr3	28417438	chr3	28417438	34	INS	+-	aATAACTTCGTATAATGTACATTATACGAAGTTAT	0.931	27			Insertion	parental
chr3	29997341	chr3	29997341	34	INS	+-	aATAACTTCGTATAATGTACATTATACGAAGTTAT	1	23			Insertion	parental
chr3	35902956	chr3	35902956	34	INS	+-	cTATAACTTCGTATAATGTACATTATACGAAGTTA	1	31			Insertion	parental
chr3	40904996	chr3	40904996	34	INS	+-	cTATAACTTCGTATAATGTACATTATACGAAGTTA	1	27			Insertion	parental
chr3	55835175	chr3	55835175	34	INS	+-	aATAACTTCGTATAATGTACATTATACGAAGTTAT	1	29			Insertion	parental
chr3	65697297	chr3	65697297	34	INS	+-	aATAACTTCGTATAATGTACATTATACGAAGTTAT	1	25			Insertion	parental
chr3	70848819	chr3	70848819	34	INS	+-	cCTTATAACTTCGTATAATGTACATTATACGAAGT	1	32			Insertion	parental
chr3	84812351	chr3	84812351	34	INS	+-	cTATAACTTCGTATAATGTACATTATACGAAGTTA	1	34			Insertion	parental
chr3	93749876	chr3	93749876	34	INS	+-	aATAACTTCGTATAATGTACATTATACGAAGTTAT	0.972	35			Insertion	parental
chr3	97644861	chr3	97644861	34	INS	+-	aATAACTTCGTATAATGTACATTATACGAAGTTAT	0.955	42			Insertion	parental
chr3	109510790	chr3	109510790	35	INS	+-	cTCATAACTTCGTATAATGTACATTATACGAAGTTA	1	19			Insertion	parental
chr3	109762717	chr3	109762717	34	INS	+-	aATAACTTCGTATAATGTACATTATACGAAATTAT	1	20			Insertion	parental
chr3	110120243	chr3	110120243	34	INS	+-	cTATAACTTCGTATAATGTACATTATACGAAGTTA	1	22			Insertion	parental
chr3	132809680	chr3	132809680	34	INS	+-	cTATAACTTCGTATAATGTACATTATACGAAGTTA	1	30			Insertion	parental
chr3	146735341	chr3	146735341	34	INS	+-	cTATAACTTCGTATAATGTACATTATACGAAGTTA	1	28			Insertion	parental
chr3	153931016	chr3	153931016	34	INS	+-	cTATAACTTCGTATAATGTACATTATACGAAGTTA	1	51			Insertion	parental
chr3	158197089	chr3	158197089	34	INS	+-	cTATAACTTCGTATAATGTACATTATACGAAGTTA	0.923	24			Insertion	parental
chr3	163432647	chr3	163432647	34	INS	+-	aATAACTTCGTATAATGTACATTATACGAAGTTAT	1	28			Insertion	parental
chr3	166629318	chr3	166629318	34	INS	+-	cTATAACTTCGTATAATGTACATTATACGAAGTTA	1	31			Insertion	parental
chr3	167132903	chr3	167132903	34	INS	+-	aATAACTTCGTATAATGTACATTATACGAAGTTAT	1	30			Insertion	parental
chr3	168767040	chr3	168767040	34	INS	+-	cTATAACTTCGTATAATGTACATTATACGAAGTTA	1	30			Insertion	parental
chr3	187865919	chr3	187865919	34	INS	+-	aATAACTTCGTATAATGTACATTATACGAAGTTAT	1	18			Insertion	parental
chr4	21162828	chr4	21162828	34	INS	+-	aATAACTTCGTATAATGTACATTATACGAAGTTAT	0.96	24			Insertion	parental
chr4	21267937	chr4	21267937	34	INS	+-	cTATAACTTCGTATAATGTACATTATACGAAGTTA	1	20			Insertion	parental
chr4	23618211	chr4	23618211	34	INS	+-	aATAACTTCGTATAATGTACATTATACGAAGTTAT	1	25			Insertion	parental
chr4	26591911	chr4	26591911	34	INS	+-	aATAACTTCGTATAATGTACATTATACGAAGTTAT	1	30			Insertion	parental
chr4	37313216	chr4	37313216	34	INS	+-	cTATAACTTCGTATAATGTACATTATACGAAGTTA	1	22			Insertion	parental
chr4	43287245	chr4	43287245	34	INS	+-	aATAACTTCGTATAATGTACATTATACGAAGTTAT	0.974	37			Insertion	parental
chr4	44596642	chr4	44596642	33	INS	+-	aTAACTTCGTATAATGTACATTATACGAAGTTAT	1	35			Insertion	parental
chr4	44604109	chr4	44604109	34	INS	+-	aATAACTTCGTATAATGTACATTATACGAAGTTAT	1	31			Insertion	parental
chr4	46753005	chr4	46753005	35	INS	+-	cTGATAACTTCGTATAATGTACATTATACGAAGTTA	1	34			Insertion	parental
chr4	47352339	chr4	47352339	34	INS	+-	aATAACTTCGTATAATGTACATTATACGAAGTTAT	1	35			Insertion	parental
chr4	48417423	chr4	48417423	34	INS	+-	aATAACTTCGTATAATGTACATTATACGAAGTTAT	1	45			Insertion	parental
chr4	55622590	chr4	55622590	34	INS	+-	aATAACTTCGTATAATGTACATTATACGAAGTTAT	1	39			Insertion	parental
chr4	67297430	chr4	67297430	34	INS	+-	cTATAACTTCGTATAATGTACATTATACGAAGTTA	1	35			Insertion	parental
chr4	78273902	chr4	78273902	34	INS	+-	cTATAACTTCGTATAATGTACATTATACGAAGTTA	1	30			Insertion	parental
chr4	84983265	chr4	84983265	35	INS	+-	cTTATAACTTCGTATAATGTACATTATACGGAGTTA	1	39			Insertion	parental
chr4	90411197	chr4	90411197	34	INS	+-	aATAACTTCGTATAATGTACATTATACGAAGTTAT	1	30			Insertion	parental
chr4	90492105	chr4	90492105	34	INS	+-	cTATAACTTCGTATAATGTACATTATACGAAGTTA	0.938	30			Insertion	parental
chr4	91523461	chr4	91523461	33	INS	+-	cCTATAACTTCGTATAATGTACATTATACGAAGT	1	28			Insertion	parental
chr4	105981648	chr4	105981648	35	INS	+-	cTATAACTTCGTATAATGTACATTATACGAAGTTGA	1	31			Insertion	parental
chr4	106900926	chr4	106900926	34	INS	+-	aATAACTTCGTATAATGTACATTATACGAAGTTAT	1	32			Insertion	parental
chr4	107675607	chr4	107675607	34	INS	+-	aATAACTTCGTATAATGTACATTATACGAAGTTAT	1	39			Insertion	parental
chr4	122942221	chr4	122942221	34	INS	+-	cTATAACTTCGTATAATGTACATTATACGAAGTTA	1	34			Insertion	parental
chr4	133736522	chr4	133736522	34	INS	+-	cTATAACTTCGTATAATGTACATTATACGAAGTTA	1	26			Insertion	parental
chr4	135080490	chr4	135080490	34	INS	+-	cTATAACTTCGTATAATGTACATTATACGAAGTTA	0.923	24			Insertion	parental
chr4	137915587	chr4	137915587	34	INS	+-	cTATAACTTCGTATAATGTACATTATACGAAGTTA	1	22			Insertion	parental
chr4	142994454	chr4	142994454	34	INS	+-	aATAACTTCGTATAATGTACATTATACGAAGTTAT	0.926	25			Insertion	parental
chr4	143675964	chr4	143675964	34	INS	+-	aATAACTTCGTATAATGTACATTATACGAAGTTAT	1	34			Insertion	parental
chr4	144247064	chr4	144247064	33	INS	+-	cCTATAACTTCGTATAATGTACATTATACGAAGT	1	27			Insertion	parental
chr4	156287176	chr4	156287176	34	INS	+-	cTATAACTTCGTATAATGTACATTATACGAAGTTA	0.978	44			Insertion	parental
chr4	161638571	chr4	161638571	34	INS	+-	aATAACTTCGTATAATGTACATTATACGAAGTTAT	0.968	30			Insertion	parental
chr4	164245031	chr4	164245031	34	INS	+-	aATAACTTCGTATAATGTACATTATACGAAGTTAT	0.962	25			Insertion	parental
chr4	164354186	chr4	164354186	34	INS	+-	aATAACTTCGTATAATGTACATTATACGAAGTTAT	1	30			Insertion	parental
chr4	170412203	chr4	170412203	34	INS	+-	cTATAACTTCGTATAATGTACATTATACGAAGTTA	1	29			Insertion	parental
chr4	170434859	chr4	170434859	34	INS	+-	aATAACTTCGTATAATGTACATTATACGAAGTTAT	1	36			Insertion	parental
chr4	180858435	chr4	180858435	34	INS	+-	cTATAACTTCGTATAATGTACATTATACGAAGTTA	1	31			Insertion	parental
chr5	1713244	chr5	1713244	35	INS	+-	aATAACTTCGTATAATGTACATTATACGAAGTTATG	1	26			Insertion	parental
chr5	16653983	chr5	16653983	34	INS	+-	cTATAACTTCGTATAATGTACATTATACGAAGTTA	1	24			Insertion	parental
chr5	26479475	chr5	26479475	34	INS	+-	aATAACTTCGTATAATGTACATTATACGAAGTTAT	1	28			Insertion	parental
chr5	32922329	chr5	32922329	34	INS	+-	aATAACTTCGTATAATGTACATTATACGAAGTTAT	0.926	25			Insertion	parental
chr5	36919113	chr5	36919113	34	INS	+-	cTATAACTTGGTATAATGTACATTATACGAAGTTA	0.964	27			Insertion	parental
chr5	37458414	chr5	37458414	34	INS	+-	cTATGACTTTGTATAATGTACATTATACGAAGTTA	0.939	31			Insertion	parental
chr5	41490523	chr5	41490523	34	INS	+-	cTATAACTTGGTATAATGTACATTATACGAAGTTA	1	32			Insertion	parental
chr5	44671939	chr5	44671939	34	INS	+-	aATAACTTCGTATAATGTACATTATACGAAGTTAT	1	21			Insertion	parental
chr5	60559043	chr5	60559043	34	INS	+-	aATAACTTCGTATAATGTACATTATACGAAGTTAT	1	42			Insertion	parental
chr5	62801558	chr5	62801558	34	INS	+-	cTATCATTTCGTATAATGTACATTATACGAAGTTA	1	27			Insertion	parental
chr5	62866710	chr5	62866710	34	INS	+-	aATAACTTCGTATAATGTACATTATACGAAGTTAT	1	29			Insertion	parental
chr5	72580868	chr5	72580868	35	INS	+-	aAGGACCTTCGTATAATGTACATTATACGAAGTTAT	1	29			Insertion	parental
chr5	78121768	chr5	78121768	34	INS	+-	aATAACTTCGTATAATGTACATTATACGAAGTTAT	1	33			Insertion	parental
chr5	88796226	chr5	88796226	33	INS	+-	cCTATAACTTCGTATAATGTACATTATACGAAGT	1	19			Insertion	parental
chr5	89737296	chr5	89737296	34	INS	+-	cTATAACTTCGTATAATGTACATTATACGAAGTTA	1	28			Insertion	parental
chr5	90819003	chr5	90819003	34	INS	+-	cTATAACTTCGTATAATGTACATTATACGAAGTTA	1	25			Insertion	parental
chr5	90926220	chr5	90926220	34	INS	+-	cTATAACTTCGTATAATGTACATTATACGAAGTTA	1	30			Insertion	parental
chr5	92196057	chr5	92196057	34	INS	+-	cTATAACTTCGTATAATGTACATTATACGAAGTTA	1	23			Insertion	parental
chr5	99560332	chr5	99560332	35	INS	+-	cTATAACTTTCGTATAATGTACATTATACGAAGTTA	1	29			Insertion	parental
chr5	104359918	chr5	104359918	35	INS	+-	aATAACTTCGTATAATGTACATTATACGAAGTTATG	1	19			Insertion	parental
chr5	121067648	chr5	121067648	34	INS	+-	aATAACTTCGTATAATGTACATTATACGAAGTTAT	1	28			Insertion	parental
chr5	132106915	chr5	132106915	34	INS	+-	aATAACTTCGTATAATGTACATTATACGAAGTTAT	1	29			Insertion	parental
chr5	137972035	chr5	137972035	34	INS	+-	aATAACTTCGTATAATGTACATTATACGAAGTTAT	1	34			Insertion	parental
chr5	148254503	chr5	148254503	35	INS	+-	aATAACTTCGTATAATGTACATTATACGAAGTTATC	1	21			Insertion	parental
chr5	158441383	chr5	158441383	35	INS	+-	cTTATAACTTCGTATAATGTACATTATACGAAGTTA	1	27			Insertion	parental
chr5	176055304	chr5	176055304	34	INS	+-	aATAACTTCGTATAATGTACATTATACGAAGTTAT	0.818	27			Insertion	parental
chr5	176285060	chr5	176285060	34	INS	+-	aATAACTTCGTATAATGTACATTATACGAAGTTAT	1	30			Insertion	parental
chr6	22462333	chr6	22462333	34	INS	+-	cTATAACTTCGTATAATGTACATTATACGAAGTTA	1	31			Insertion	parental
chr6	38301448	chr6	38301448	34	INS	+-	cTATAACTTCGTATAATGTACATTATACGAAGTTA	0.926	25			Insertion	parental
chr6	49390314	chr6	49390314	34	INS	+-	aATAACTTCGTATAATGTACATTATACGAAGTTAT	1	33			Insertion	parental
chr6	64094343	chr6	64094343	34	INS	+-	cTATAACTTCGTATAATGTACATTATACGAAGTTA	1	19			Insertion	parental
chr6	72573574	chr6	72573574	34	INS	+-	aATAACTTCGTATAATGTACATTATACGAAGTTAT	1	24			Insertion	parental
chr6	80494860	chr6	80494860	35	INS	+-	cTTATAACTTCGTATAATGTACATTATACGAAGTTA	1	28			Insertion	parental
chr6	86924731	chr6	86924731	34	INS	+-	aATAACTTCGTATAATGTACATTATACGAAGTTAT	1	23			Insertion	parental
chr6	88409945	chr6	88409945	34	INS	+-	aATAACTTCGTATAATGTACATTATACGAAGTTAT	1	32			Insertion	parental
chr6	93035580	chr6	93035580	34	INS	+-	aATAACTTCGTATAATGTACATTATACGAAGTTAT	1	39			Insertion	parental
chr6	93634176	chr6	93634176	35	INS	+-	cTATAACTTCGTATAATGTACATTATACAGAAGTTA	0.968	30			Insertion	parental
chr6	98010724	chr6	98010724	35	INS	+-	cTTATAACTTCGTATAATGTACATTATACGAAGTTA	1	31			Insertion	parental
chr6	104062028	chr6	104062028	34	INS	+-	cTATAACTTCGTATAATGTACATTATACGAAGTTA	1	26			Insertion	parental
chr6	104492831	chr6	104492831	35	INS	+-	aATAACTTCGTATAATGTACATTATACGAAGTTATC	1	21			Insertion	parental
chr6	115124813	chr6	115124813	34	INS	+-	aATAACTTCGTATAATGTACATTATACGAAGTTAT	1	30			Insertion	parental
chr6	133023307	chr6	133023307	35	INS	+-	cTGATAACTTCGTATAATGTACATTATACGAAGTTA	1	22			Insertion	parental
chr6	133471680	chr6	133471680	34	INS	+-	cTATAACTTCGTATAATGTACATTATACGAAGTTA	1	31			Insertion	parental
chr6	141973094	chr6	141973094	34	INS	+-	aATAACTTCGTATAATGTACATTATACGAAGTTAT	1	40			Insertion	parental
chr7	8300701	chr7	8300701	34	INS	+-	cTATAACTTCGTATAATGTACATTATACGAAGTTA	1	28			Insertion	parental
chr7	18137893	chr7	18137893	34	INS	+-	cTATAACTTCGTATAATGTACATTATACGAAGTTA	1	33			Insertion	parental
chr7	30639399	chr7	30639399	34	INS	+-	cTATAACTTCGTATAATGTACATTATACGAAGTTA	0.967	29			Insertion	parental
chr7	34202825	chr7	34202825	34	INS	+-	cTATAACTTCGTATAATGTACATTATACGAAGTTA	1	21			Insertion	parental
chr7	54308616	chr7	54308616	34	INS	+-	cTATAACTTCGTATAATGTACATTATACGAAGTTA	1	29			Insertion	parental
chr7	86552502	chr7	86552502	34	INS	+-	aATAACTTCGTATAATGTACATTATACGAAGTTAT	1	31			Insertion	parental
chr7	91217682	chr7	91217682	34	INS	+-	aATAACTTCGTATAATGTACATTATACGAAGTTAT	1	27			Insertion	parental
chr7	108188804	chr7	108188804	6103	INS	+-	TAAATTTTAGTGGAATAGGGAGGAGCCAAGATGGCCGAATAGGAACAGCTCCGGTCTACAGCTCCCAGCGTGAGCGACGCAGAAGACGGGTGATTTCTGCATTTCCATCTGAGGTACCGGGTTCATCTCACTAGGGAGTGCCAGACAGTGGGCGCAGGCCAGTGTGTGTGCGCACCGTGCGCGAGCCGAAGCAGGGCGAGGCATTGCCTCACCTGGGAAGCGCAAGGGGTCAGGGAGTTCCCTTTCCAAGTCAAAGAAAGGGGTGACGGACGCACCTGGAAAATCGGGTCACTCCCACCCGAATATTGCGCTTTTCAGACCGGCTTAAGAAACGGCGCACCACGAGACTATATCCCACACCTGGCTCAGAGGGTCCTACGCCCACGGAATCTCGCTGATTGCTAGCACAGCAGTCTGAGATCAAACTGCAAGGCGGCAGCGAGGCTGGGGGAGGGGCGCCCACCATTGCCCAGGCTAGCTTAGGTAAACAAAGCAGCCTGGAAGCTCGAACTGGGTGGAGCCCACCACAGCTCAAGGAGGCCTGCCTGCCTCTGTAGGCTCCACCTCTGGGGGCAGGGCACAGACAAACAAAAAGACAGCAGTAACCTCTGCAGACTTAAGTGTCCCTGTCTGACAGCTTTGAAGAGAGCAGTGGTTCTCCCAGCACGCAGCTGGAGATCTGAGAACGGGCAGACTGCCTCCTCAAGTGGGTCCCTGACCCCTGACCCCCGAGCAGCCTAACTGGGAGGCACCCCCCCAGCAGGGGCACACTGACATCTCACACGGCAGGGTATTCCAACAGACCTGCAGCTGAGGGTCCTGTCTGTTAGAAGGAAAACTAACAACCAGAAAGGACATCTACACCGAAAACCCATCTGTACATCACCATCATCAAAGACCAAAAGTAGATAAAACCACAAAGATGGGGAAAAAACAGAACAGAAAAACTGGAAACTCTAAAACACAGAGCGCCTCTCCTCCTCCAAAGGAACGCAGTTCCTCACCAGCAACAGAACAAAGCTGGATGGAGAATGATTTTGACGAGCTGAGAGAAGAAGGCTTCAGACGATCAAATTACTCTGAGCTACGGGAGGACATTCAAACCAAAGGCAAAGAAGTTGAAAACTTTGAAAAAAATTTAGAAGAATGTATAACTAGAATAACCAATACAGAGAAGTGCTTAAAGGAGCTGATGGAGCTGAAAACCAAGGCTCGAGAACTACGTGAAGAATGCAGAAGCCTCAGGAGCCGATGCGATCAACTGGAAGAAAGGGTATCAGCAATGGAAGATGAAATGAATGAAATGAAGCGAGAAGGGAAGTTTAGAGAAAAAAGAATAAAAAGAAATGAGCAAAGCCTCCAAGAAATATGGGACTATGTGAAAAGACCAAATCTACGTCTGATTGGTGTACCTGAAAGTGATGTGGAGAATGGAACCAAGTTGGAAAACACTCTGCAGGATATTATCCAGGAGAACTTCCCCAATCTAGCAAGGCAGGCCAACGTTCAGATTCAGGAAATACAGAGAACGCCACAAAGATACTCCTCGAGAAGAGCAACTCCAAGACACATAATTGTCCGATTCACCAAAGTTGAAATGAAGGAAAAAATGTTAAGGGCAGCCAGAGAGAAAGGTCGGGTTACCCTCAAAGGAAAGCCCATCAGACTAACAGCGGATCTCTCGGCAGAAACTCTACAAGCCAGAAGAGAGTGGGGGCCAATATTCAACATTCTTAAAGAAAAGAATTTTCAACCCAGAATTTCATATCCAGCCAAACTAAGCTTCATAAGTGAAGGAGAAATAAAATACTTTATAGACAAGCAAATGCTGAGAGATTTTGTCACCACCAGGCCTGCCCTAAAAGAGCTCCTGAAGGAAGCGCTAAACATGGAAAGGAACAACCGGTACCAGCCGCTGCAAAATCATGCCAAAATGTAAAGACCATCGAGACTAGGAAGAAACTGCATCAACTAATGAGCAAAATCACCAGCTAACATCATAATGACAGGATCGAATTCACACATAACAATATTAACTTTAAATATAAATGGACTAAATTCTGCAATTAAAAGACACAGACTGGCAAGTTGGATAAAGAGTCAAGACCCATCAGTGTGCTGTATTCAGGAAACCCATCTCACGTGCAGAGACACACATAGGCTCAAAATAAAAGGATGGAGGAAGATCTACCAAGCCAATGGAAAACAAAAAAAGGCAGGGGTTGCAATCCTAGTCTCTGATAAAACAGACTTTAAACCAACAAAGATCAAAAGAGACAAAGAAGGCCATTACATAATGGTAAAGGGATCAATTCAACAAGAGGAGCTAACTATCCTAAATATTTATGCACCCAATACAGGAGCACCCAGATTCATAAAGCAAGTCCTCAGTGACCTACAAAGAGACTTAGACTCCCACACATTAATAATGGGAGACTTTAACACCCCACTGTCAACATTAGACAGATCAACGAGACAGAAAGTCAACAAGGATACCCAGGAATTGAACTCAGCTCTGCACCAAGCAGACCTAATAGACATCTACAGAACTCTCCACCCCAAATCAACAGAATATACATTTTTTTCAGCACCACACCACACCTATTCCAAAATTGACCACATAGTTGGAAGTAAAGCTCTCCTCAGCAAATGTAAAAGAACAGAAATTATAACAAACTATCTCTCAGACCACAGTGCAATCAAACTAGAACTCAGGATTAAGAATCTCACTCAAAGCCGCTCAACTACATGGAAACTGAACAACCTGCTCCTGAATGACTACTGGGTACATAACGAAATGAAGGCAGAAATAAAGATGTTCTTTGAAACCAACGAGAACAAAGACACCACATACCAGAATCTCTGGGACGCATTCAAAGCAGTGTGTAGAGGGAAATTTATAGCACTAAATGCCTACAAGAGAAAGCAGGAAGGATCCAAAATTGACACCCTAACATCACAATTAAAAGAACTAGAAAAGCAAGAGCAAACACATTCAAAAGCTAGCAGAAGGCAAGAAATAACTAAAATCAGAGCAGAACTGAAAGAAATAGAGACACAAAAAACCCTTCAAAAAATCAATGAATCCAGGAGCTGGTTTTTTGAAAGGATCAACAAAATTGATAGACTGCTAGCAAGACTAATAAAGAAAAAAAGAGAGAAGAATCAAATAGACACAATAAAAAATGATAAAGGGGATATCACCACCGATCCCACAGAAATACAAACTACCATCAGAGAATACTACAAACACCTCTACGCAAATAAACTAGAAAATCTAGAAGAAATGGATAAATTCCTCGACACATACACTCTCCCAAGACTAAACCAGGAAGAAGTTGAATCTCTGAATAGACCAATAACAGGCTCTGAAATTGTGGCAATAATCAATAGTTTACCAACCAAAAAGAGTCCAGGACCAGATGGATTCACAGCCGAATTCTACCAGAGGTACAATAACTTCGTATAATGTACATTATACGAAGTTATAAGGAGGAACTGGTACCATTCCTTCTGAAACTATTCCAATCAATAGAAAAAGAGGGAATCCTCCCTAACTCATTTTAGGAGGCCAGCATCATTCTGATACCAAAGCTGGGCAGAGACACAACCAAAAAAGAGAATTTTAGACCAATATCCTTGATGAACATTGATGCAAAAATCCTCAATAAAATACTGGCAAACCGAATCCAGCAGCACATCAAAAAGCTTATCCACCATGATCAAGTGGGCTTCATCCCTGGGATGCAAGGCTGGTTCAATATACGCAAATCAATAAATGTAATCCAGCATATAAACAGAGCCAAAGACAAAAACCACATGATTATCTCAATAGATGCAGAAAAAGCCTTTGACAAAATTCAACAACCCTTCATGCTAAAAACTCTCAATACATTAGGTATTGATGGGATGTATTTCAAAATAATAAGAGCTATCTATGACAAACCCACAGCCAATATCATACTGAATGGGCAAAAACTGGAAGCATTCCCTTTGAAAACTGGCACAAGACAGGGATGCCCTCTCTCACCACTCCTATTCAACATAGTGTTGGAAGTTCTGGCCAGGGCAATCAGGCAGGAGAAGGAAATAAAGGGTATTCAATTAGGAAAAGAGGAAGTCAAATTGTCCCTGTTTGCAGACGACATGATTGTTTATCTAGAAAACCCCATCGTCTCAGCCCAAAATCTCCTTAAGCTGATAAGCAACTTCAGCAAAGTCTCAGGATACAAAATCAATGTACAAAAATCACAAGCATTCTTATACACCAACAACAGACAAACAGAGAGCCAAATCATGGGTGAACTCCCATTCACAATTGCTTCAAGGAGAATAAAATACCTAGGAATCCAACTTACAAGGGATGTGAAGGACCTCTTCAAGGAGAACTACAAACCACTGCTCAATGAAATAAAAGAGGACACAAACAAATGGAAGAACATTCCATGCTCATGGGTAGGAAGAATCAATATCGTGAAAATGGCCATACTGCCCAAGGTAATTTACAGATTCAATGCCATCCCCATCAAGCTACCAATGACTTTCTTCACAGAATTGGAAAAAACTACTTTAAAGTTCATATGGAACCAAAAAAGAGCCCGCATCGCCAAGTCAATCCTAAGCCAAAAGAACAAAGCTGGAGGCATCACACTACCTGACTTCAAACTATACTACAAGGCTACAGTAACCAAAACAGCATGGTACTGGTACCAAAACAGAGATATAGATCAATGGAACAGAACAGAGCCCTCAGAAATAACACCGCATATCTACAACTATCTGATCTTTGACAAACCTGAGAAAAACAAGCAATGGGGAAAGGATTCCCTATTTAATAAATGGTGCTGGGAAAACTGGCTAGCCATATGTAGAAAGCTGAAACTGGATCCCTTCCTTACACCTTATACAAAAATCAATTCAAGATGGATTAAAGATTTAAACGTTAGACCTAAAACCATAAAAACCCTAGAAGAAAACCTAGGCATTACCATTCAGGACATAGGCGTGGGCAAGGACTTCATGTCCAAAACACCAAAAGCAATGGCAACAAAAGCCAAAATTGACAAATGGGATCTAATTAAACTAAAGAGCTTCTGCACAGCAAAAGAAACTACCATCAGAGTGAACAGGCAACCTACAACATGGGAGAAAATTTTCGCAACCTACTCATCTGACAAAGGGCTAATATCCAGAATCTACAATGAATTCAAACAAATTTACAAGAAAAAACAAACAACCCCATCAAAAAGTGGGCGAAGGACATGAACAGACACTTCTCAAAAGAAGACATTTATGCAGCCAAAAAACACATGAAGAAATGCTCATCATCACTGGCCATCAGAGAAATGCAAATCAAAACCACTATGAGACATCATCTCACACCAGTTAGAATGGCAATCATTAAAAAGTCAGGAAACAACAGGTGCTGGAGAGGATGTGGAGAAATAGGAACACTTTTACACTGTTGGTGGGACTGTAAACTAATTCAACCATTGTGGAAGTCAGTGTGGCGATTCCTCAGGGATCTAGAACTAGAAATACCATTTGACCCAGCCATCCCATTACTGGGTATATACCCAAAGGACTATAAATCATGCTGCTATAAAGACACATGCACATGTATGTTTATTGCGGCACTATTCACAATAGCAAAGACTTGGAACCAACCCAAATGTCCAACAATGATAGACTGGATTAAGAAAATGTGGCACATATACACCATGGAATACTATGCAGCCATAAAAAATGATGAGTTCATATCCTTTGTAGGGACATGGATGAAATTGGAAACCATCATTCTCAGTAAACTATCGCAAGAACAAAAAACCAAACACCGCATATTCTCACTCATAGGTGGGAATTGAACAATGAGATCACATGGACACAGGAAGGGGAATATCACACTCTGGGGACTGTGGTGGGGTCGGGGGAGGGGGGAGGGATAGCATTGGGAGATATACCTAATGCTAGATGACACATTAGTGGGTGCAGCGCACCAGCATGGCACATGTATACATATGTAACTAACCTGCACAATGTGCACATGTACCCTAATACTTAGAGTATAATAAAAAAAATAAAAATAAAATAAATAAATAAATAAA	1	13			Insertion	parental
chr7	110032721	chr7	110032721	34	INS	+-	cTATAACTTCGTATAATGTACATTATACGAAGTTA	1	29			Insertion	parental
chr7	114058492	chr7	114058492	34	INS	+-	aATAACTTCGTATAATGTACATTATACGAAGTTAT	1	30			Insertion	parental
chr7	136111449	chr7	136111449	33	INS	+-	cCTATAACTTCGTATAATGTACATTATACGAAGT	1	25			Insertion	parental
chr7	137185048	chr7	137185048	34	INS	+-	aATAACTTCGTATAATGTACATTATACGAAGTTAT	1	27			Insertion	parental
chr7	141982673	chr7	141982673	34	INS	+-	cTATAACTTCGTATAATGTACATTATACGAAGTTA	1	34			Insertion	parental
chr7	143162802	chr7	143162802	34	INS	+-	cTATAACTTCGTATAATGTACATTATACGAAGTTA	1	26			Insertion	parental
chr7	147845183	chr7	147845183	34	INS	+-	cTATAACTTCGTATAATGTACATTATACGAAGTTA	1	30			Insertion	parental
chr8	19933719	chr8	19933719	34	INS	+-	aATAACTTCGTATAATGTACATTATACGAAGTTAT	1	33			Insertion	parental
chr8	24451238	chr8	24451238	35	INS	+-	cTTATAACTTCGTATAATGTACATTATACGAAGTTA	0.944	17			Insertion	parental
chr8	34543793	chr8	34543793	34	INS	+-	aATAACTTCGTATAATGTACATTATACGAAGTTAT	1	33			Insertion	parental
chr8	36487227	chr8	36487227	34	INS	+-	cTATAACTTCGTATAATGTACATTATACGAAGTTA	1	29			Insertion	parental
chr8	43309875	chr8	43309875	34	INS	+-	cTATAACTTCGTATAATGTACATTATACGAAGTTA	1	35			Insertion	parental
chr8	46630294	chr8	46630294	34	INS	+-	cTATAACTTCGTATAATGTACATTATACGAAGTTA	1	27			Insertion	parental
chr8	47022165	chr8	47022165	34	INS	+-	aATAACTTCGTATAATGTACATTATACGAAGTTAT	1	35			Insertion	parental
chr8	71744099	chr8	71744099	34	INS	+-	cTATAACTTCGTATAATGTACATTATACGAAGTTA	1	29			Insertion	parental
chr8	75281806	chr8	75281806	34	INS	+-	aATAACTTCGTATAATGTACATTATACGAAGTTAT	1	34			Insertion	parental
chr8	77943940	chr8	77943940	34	INS	+-	aATAACTTCGTATAATGTACATTATACGAAGTTAT	0.962	25			Insertion	parental
chr8	79985849	chr8	79985849	34	INS	+-	aATAACTTCGTATAATGTACATTATACGAAGTTAT	0.941	16			Insertion	parental
chr8	90395973	chr8	90395973	34	INS	+-	cTATAACTTCGTATAATGTACATTATACGAAGTTA	0.963	26			Insertion	parental
chr8	119161985	chr8	119161985	34	INS	+-	cTATAACTTCGTATAATGTACATTATACGAAGTTA	1	25			Insertion	parental
chr8	122247853	chr8	122247853	34	INS	+-	aATAACTTCGTATAATGTACATTATACGAAGTTAT	1	35			Insertion	parental
chr8	126983090	chr8	126983090	35	INS	+-	cTTATAACTTCGTATAATGTACATTATACGAAGTTA	1	20			Insertion	parental
chr9	8105316	chr9	8105316	35	INS	+-	cTTATAACTTCGTATAATGTACATTATACGAAGTTA	1	31			Insertion	parental
chr9	14457940	chr9	14457940	34	INS	+-	aATAACTTCGTATAATGTACATTATACGAAGTTAT	1	36			Insertion	parental
chr9	26835580	chr9	26835580	34	INS	+-	aATAACTTCGTATAATGTACATTATACGAAGTTAT	1	29			Insertion	parental
chr9	31553032	chr9	31553032	34	INS	+-	aATAACTTCGTATAATGTACATTATACGAAGTTAT	1	37			Insertion	parental
chr9	32052476	chr9	32052476	34	INS	+-	cTATAACTTCGTATAATGTACATTATACGAAGTTA	1	32			Insertion	parental
chr9	68277894	chr9	68277894	34	INS	+-	cTATAACTTCGTATAATGTACATTATACGAAGTTA	1	24			Insertion	parental
chr9	72451160	chr9	72451160	34	INS	+-	aATAACTTCGTATAATGTACATTATACGAAGTTAT	1	22			Insertion	parental
chr9	79497142	chr9	79497142	34	INS	+-	cTATAACTTCGTATAATGTACATTATACGAAGTTA	1	22			Insertion	parental
chr9	92217847	chr9	92217847	34	INS	+-	aATAACTTCGTATAATGTACATTATACGAAGTTAT	1	30			Insertion	parental
chr9	95701015	chr9	95701015	34	INS	+-	aATAACTTCGTATAATGTACATTATACGAAGTTAT	1	33			Insertion	parental
chr9	105747164	chr9	105747164	34	INS	+-	cTATAACTTCGTATAATGTACATTATACGAAGTTA	1	27			Insertion	parental
chr9	105787659	chr9	105787659	34	INS	+-	cTATAACTTCGTATAATGTACATTATACGAAGTTA	1	30			Insertion	parental
chrX	25773373	chrX	25773373	34	INS	+-	aATAACTTCGTATAATGTACATTATACGAAGTTAT	1	28			Insertion	parental
chrX	31534059	chrX	31534059	34	INS	+-	aATAACTTCGTATAATGTACATTATACGAAGTTAT	1	25			Insertion	parental
chrX	37772171	chrX	37772171	34	INS	+-	aATAACTTCGTATAATGTACATTATACGAAGTTAT	1	40			Insertion	parental
chrX	41812162	chrX	41812162	34	INS	+-	aATAACTTCGTATAATGTACATTATACGAAGTTGT	1	30			Insertion	parental
chrX	55808640	chrX	55808640	34	INS	+-	cTATAACTTCGTATAATGTACATTATACGAAGTTA	1	25			Insertion	parental
chrX	63522688	chrX	63522688	34	INS	+-	aATAACTTCGTATAATGTACATTATACGAAGTTAT	0.962	25			Insertion	parental
chrX	63862965	chrX	63862965	34	INS	+-	cTATAACTTCGTATAATGTACATTATACGAAGTTA	0.968	30			Insertion	parental
chrX	68220354	chrX	68220354	35	INS	+-	aATAACTTCGTATAATGTACATTATACGAAGTTATC	1	30			Insertion	parental
chrX	70601441	chrX	70601441	34	INS	+-	aATAACTTCGTATAATGTACATTATACCAAGTTAT	0.977	42			Insertion	parental
chrX	70842054	chrX	70842054	35	INS	+-	aATAACTTCGTATAATGTACATTATACGAAGTTATC	0.97	32			Insertion	parental
chrX	77247705	chrX	77247705	34	INS	+-	aATAACTTCGTATAATGTACATTATACGAAGTTAT	1	19			Insertion	parental
chrX	81030398	chrX	81030398	34	INS	+-	aATAACTTCGTATAATGTACATTATACGAAGTTAT	1	33			Insertion	parental
chrX	86558527	chrX	86558527	34	INS	+-	cTATAACTTCGTATAATGTACATTATACAAAGTTA	1	21			Insertion	parental
chrX	91822262	chrX	91822262	34	INS	+-	cTATAACTTCGTATAATGTACATTATACGAAGTTA	1	27			Insertion	parental
chrX	97512097	chrX	97512097	34	INS	+-	cTATAACTTCGTATAATGTACATTATACGAAGTTA	1	29			Insertion	parental
chrX	97580757	chrX	97580757	34	INS	+-	cTATAACTTCGTATAATGTACATTATACAAAGTTA	1	21			Insertion	parental
chrX	129856233	chrX	129856233	34	INS	+-	cTATAACTTCGTATAATGTACATTATACGAAGTTA	1	37			Insertion	parental
chrX	130520814	chrX	130520814	34	INS	+-	aATAACTTCGTATAATGTACATTATACGAAGTTAT	1	27			Insertion	parental
chrX	131582149	chrX	131582149	34	INS	+-	aATAACTTCGTATAATGTACATTATACGAAGTTAT	1	34			Insertion	parental
chrX	136442860	chrX	136442860	35	INS	+-	cTAATAACTTCGTATAATGTACATTATACGAAGTTA	1	25			Insertion	parental
chrX	137077311	chrX	137077311	35	INS	+-	cTGATAACTTCGTATAATGTACATTATACGAAGTTA	1	22			Insertion	parental
chrX	155302167	chrX	155302167	34	INS	+-	cTATAACTTCGTATAATGTACATTATACGAAGTTA	0.938	30			Insertion	parental
